,CodeMahal,ccTaghvimTatil,TarikhTatily,sNoeTatily,txtsNoeTatily,UserName,Tarikh,Saat,TarikhTatilySlash
0,1,59,14000106,4258,جمعه,Administrator,14000221,19:22:18,1400/01/06
1,1,60,14000113,4258,جمعه,Administrator,14000221,19:22:18,1400/01/13
2,1,61,14000120,4258,جمعه,Administrator,14000221,19:22:18,1400/01/20
3,1,62,14000127,4258,جمعه,Administrator,14000221,19:22:18,1400/01/27
4,1,63,14000203,4258,جمعه,Administrator,14000221,19:22:18,1400/02/03
5,1,64,14000210,4258,جمعه,Administrator,14000221,19:22:18,1400/02/10
6,1,65,14000217,4258,جمعه,Administrator,14000221,19:22:18,1400/02/17
7,1,66,14000224,4258,جمعه,Administrator,14000221,19:22:18,1400/02/24
8,1,67,14000231,4258,جمعه,Administrator,14000221,19:22:18,1400/02/31
9,1,68,14000307,4258,جمعه,Administrator,14000221,19:22:18,1400/03/07
10,1,69,14000314,4258,جمعه,Administrator,14000221,19:22:18,1400/03/14
11,1,70,14000321,4258,جمعه,Administrator,14000221,19:22:18,1400/03/21
12,1,71,14000328,4258,جمعه,Administrator,14000221,19:22:18,1400/03/28
13,1,72,14000404,4258,جمعه,Administrator,14000221,19:22:18,1400/04/04
14,1,73,14000411,4258,جمعه,Administrator,14000221,19:22:18,1400/04/11
15,1,74,14000418,4258,جمعه,Administrator,14000221,19:22:18,1400/04/18
16,1,75,14000425,4258,جمعه,Administrator,14000221,19:22:18,1400/04/25
17,1,76,14000501,4258,جمعه,Administrator,14000221,19:22:18,1400/05/01
18,1,77,14000508,4258,جمعه,Administrator,14000221,19:22:18,1400/05/08
19,1,78,14000515,4258,جمعه,Administrator,14000221,19:22:18,1400/05/15
20,1,79,14000522,4258,جمعه,Administrator,14000221,19:22:18,1400/05/22
21,1,80,14000529,4258,جمعه,Administrator,14000221,19:22:18,1400/05/29
22,1,81,14000605,4258,جمعه,Administrator,14000221,19:22:18,1400/06/05
23,1,82,14000612,4258,جمعه,Administrator,14000221,19:22:18,1400/06/12
24,1,83,14000619,4258,جمعه,Administrator,14000221,19:22:18,1400/06/19
25,1,84,14000626,4258,جمعه,Administrator,14000221,19:22:18,1400/06/26
26,1,85,14000702,4258,جمعه,Administrator,14000221,19:22:18,1400/07/02
27,1,86,14000709,4258,جمعه,Administrator,14000221,19:22:18,1400/07/09
28,1,87,14000716,4258,جمعه,Administrator,14000221,19:22:18,1400/07/16
29,1,88,14000723,4258,جمعه,Administrator,14000221,19:22:18,1400/07/23
30,1,89,14000730,4258,جمعه,Administrator,14000221,19:22:18,1400/07/30
31,1,90,14000807,4258,جمعه,Administrator,14000221,19:22:18,1400/08/07
32,1,91,14000814,4258,جمعه,Administrator,14000221,19:22:18,1400/08/14
33,1,92,14000821,4258,جمعه,Administrator,14000221,19:22:18,1400/08/21
34,1,93,14000828,4258,جمعه,Administrator,14000221,19:22:18,1400/08/28
35,1,94,14000905,4258,جمعه,Administrator,14000221,19:22:18,1400/09/05
36,1,95,14000912,4258,جمعه,Administrator,14000221,19:22:18,1400/09/12
37,1,96,14000919,4258,جمعه,Administrator,14000221,19:22:18,1400/09/19
38,1,97,14000926,4258,جمعه,Administrator,14000221,19:22:18,1400/09/26
39,1,98,14001003,4258,جمعه,Administrator,14000221,19:22:18,1400/10/03
40,1,99,14001010,4258,جمعه,Administrator,14000221,19:22:18,1400/10/10
41,1,100,14001017,4258,جمعه,Administrator,14000221,19:22:18,1400/10/17
42,1,101,14001024,4258,جمعه,Administrator,14000221,19:22:18,1400/10/24
43,1,102,14001101,4258,جمعه,Administrator,14000221,19:22:18,1400/11/01
44,1,103,14001108,4258,جمعه,Administrator,14000221,19:22:18,1400/11/08
45,1,104,14001115,4258,جمعه,Administrator,14000221,19:22:18,1400/11/15
46,1,105,14001122,4258,جمعه,Administrator,14000221,19:22:18,1400/11/22
47,1,106,14001129,4258,جمعه,Administrator,14000221,19:22:18,1400/11/29
48,1,107,14001206,4258,جمعه,Administrator,14000221,19:22:18,1400/12/06
49,1,108,14001213,4258,جمعه,Administrator,14000221,19:22:18,1400/12/13
50,1,109,14001220,4258,جمعه,Administrator,14000221,19:22:18,1400/12/20
51,1,110,14001227,4258,جمعه,Administrator,14000221,19:22:18,1400/12/27
